<?xml version="1.0" encoding="UTF-8" standalone="yes"?>
<addon
  id="plugin.video.4SmartHTVonline"
  version="0.0.7"
  name="[COLOR ffff0000]H[/COLOR][COLOR ff32cd32]T[/COLOR][COLOR ff0000ff]V[/COLOR][COLOR ffffffff]online[/COLOR]"
  provider-name="4SmartTVBox">
  <requires>
    <import addon="xbmc.python" version="2.1.0"/>

    <import addon="plugin.video.1channel"/>
    <import addon="plugin.video.80smusicvideos"/>
    <import addon="plugin.video.aljazeera"/>
    <import addon="plugin.video.allinone"/>
    <import addon="plugin.video.amnhacviet"/>
    <import addon="plugin.video.anhtrang_org"/>
    <import addon="plugin.video.animego"/>
    <import addon="plugin.video.animehere"/>
    <import addon="plugin.video.AsianHorror"/>
    <import addon="plugin.video.azdrama"/>
    <import addon="plugin.video.beeg.com"/>
    <import addon="plugin.video.bharatmovies"/>
    <import addon="plugin.video.cartoons8"/>
    <import addon="plugin.video.cartoonworld"/>
    <import addon="plugin.video.tbh.cartoonworld"/>
    <import addon="plugin.video.classiccinema"/>
    <import addon="plugin.video.colombiatv"/>
    <import addon="plugin.video.comotin"/>
    <import addon="plugin.video.concertarchive"/>
    <import addon="plugin.video.disclose_tv"/>
    <import addon="plugin.video.diy"/>
    <import addon="plugin.video.disneyjunior"/>
    <import addon="plugin.video.drama24h"/>
    <import addon="plugin.video.dramago"/>
    <import addon="plugin.video.empflix"/>
    <import addon="plugin.video.esa"/>
    <import addon="plugin.video.extreme.com"/>
    <import addon="plugin.video.fantasticc"/>
    <import addon="plugin.video.filmon"/>
    <import addon="plugin.video.foodnetwork"/>
    <import addon="plugin.video.football.today"/>
    <import addon="plugin.video.footballreplays"/>
    <import addon="plugin.video.fox.news"/>
    <import addon="plugin.video.FPSRussia"/>
    <import addon="plugin.video.g4tv"/>
    <import addon="plugin.video.genesis"/>
    <import addon="plugin.video.hotkhmer"/>
    <import addon="plugin.video.HTVonline"/>
    <import addon="plugin.video.icefilms"/>
    <import addon="plugin.video.india4movie"/>
    <import addon="plugin.video.kenh108"/>
    <import addon="plugin.video.kenh88"/>
    <import addon="plugin.video.KhmerAvenue"/>
    <import addon="plugin.video.KhmerTv"/>
    <import addon="plugin.video.KIDSIL"/>
    <import addon="plugin.video.kidsplace"/>
    <import addon="plugin.video.kissanime"/>
    <import addon="plugin.video.kisscartoon"/>
    <import addon="plugin.video.kodi4vn.donggiao"/>
    <import addon="plugin.video.kodi4vn.moviebox"/>
    <import addon="plugin.video.kodi4vn.phim14.net"/>
    <import addon="plugin.video.kodi4vn.phim60s"/>
    <import addon="plugin.video.kodi4vn.viettv24"/>
    <import addon="plugin.video.kodi4vn.xomgiaitri"/>
    <import addon="plugin.video.kodi4vn.yeuphim"/>
    <import addon="plugin.video.kodi4vn.youtube.vnnews"/>
    <import addon="plugin.video.LauraVitalesKitchen"/>
    <import addon="plugin.video.learningzone"/>
    <import addon="plugin.video.letv"/>
    <import addon="plugin.video.livestream"/>
    <import addon="plugin.video.lubetube"/>
    <import addon="plugin.video.mediacorp"/>
    <import addon="plugin.video.metv"/>
    <import addon="plugin.video.moviedb"/>
    <import addon="plugin.video.MovieKhmer"/>
    <import addon="plugin.video.movierulz"/>
    <import addon="plugin.video.moviestorm"/>
    <import addon="plugin.video.moviHD"/>
    <import addon="plugin.video.mutttsnutz"/>
    <import addon="plugin.video.nakednews3"/>
    <import addon="plugin.video.nba"/>
    <import addon="plugin.video.nbaondemand"/>
    <import addon="plugin.video.you.jizz"/>
    <import addon="plugin.video.nhaccuatui"/>
    <import addon="plugin.video.nhlondemand"/>
    <import addon="plugin.video.NHLVideo"/>
    <import addon="plugin.video.OnePotChefShow"/>
    <import addon="plugin.video.onlinemovies"/>
    <import addon="plugin.video.ourmatch_net"/>
    <import addon="plugin.video.phatam"/>
    <import addon="plugin.video.phim47"/>
    <import addon="plugin.video.PhimLT.com"/>
    <import addon="plugin.video.phimvang"/>
    <import addon="plugin.video.phstreams"/>
    <import addon="plugin.video.PhumiKhmer"/>
    <import addon="plugin.video.pinoy_ako"/>
    <import addon="plugin.video.portico.tv"/>
    <import addon="plugin.video.pythontut"/>
    <import addon="plugin.video.rt"/>
    <import addon="plugin.video.si"/>
    <import addon="plugin.video.sohuvideo"/>
    <import addon="plugin.video.sominaltv"/>
    <import addon="plugin.video.sportsbox9999"/>
    <import addon="plugin.video.SportsDevil"/>
    <import addon="plugin.video.spotitube"/>
    <import addon="plugin.video.sugoideasV2"/>
    <import addon="plugin.video.supercartoons"/>
    <import addon="plugin.video.tbh.cartoonworld"/>
    <import addon="plugin.video.thinktv"/>
    <import addon="plugin.video.tivi9999"/>
    <import addon="plugin.video.tmz"/>
    <import addon="plugin.video.toonjet"/>
    <import addon="plugin.video.tube8"/>
    <import addon="plugin.video.tvondesizonexl"/>
    <import addon="plugin.video.tvvn"/>
    <import addon="plugin.video.twitch"/>
    <import addon="plugin.video.UFC"/>
    <import addon="plugin.video.ukmvjb"/>
    <import addon="plugin.video.ultimateguitar"/>
    <import addon="plugin.video.vdubt"/>
    <import addon="plugin.video.veetle"/>
    <import addon="plugin.video.vevo"/>
    <import addon="plugin.video.vevo_tv"/>
    <import addon="plugin.video.vice"/>
    <import addon="plugin.video.VICTORIASSECRET"/>
    <import addon="plugin.video.video4Khmer"/>
    <import addon="plugin.video.videobash_com"/>
    <import addon="plugin.video.videodevil"/>
    <import addon="plugin.video.vidics"/>
    <import addon="plugin.video.vietmedia.movie"/>
    <import addon="plugin.video.viki"/>
    <import addon="plugin.video.vkool"/>
    <import addon="plugin.video.world.news.live"/>
    <import addon="plugin.video.wweonline"/>
    <import addon="plugin.video.yeuphim"/>
    <import addon="plugin.video.yifymovies.hd"/>
    <import addon="plugin.video.you.jizz"/>
    <import addon="plugin.video.youtube"/>
    <import addon="plugin.video.zmovies"/>
    <!--
      More Vietnamese and other
    -->
    <import addon="plugin.video.netmovie"/>
    <import addon="plugin.video.netmusic"/>
    <import addon="plugin.video.nettivi"/>
    <import addon="plugin.video.netvideos"/>
    <import addon="plugin.video.MonNgonMoiNgay"/>
    <import addon="plugin.video.PhoBolsaTV"/>
    <import addon="plugin.video.salts"/>
    <import addon="plugin.video.AznKodiMedia"/>
    <import addon="plugin.video.AznKodiMovies"/>
    <import addon="plugin.video.AznKodiMusic"/>
    <import addon="plugin.video.AznKodiTV"/>
    <import addon="plugin.video.AznKodiVideos"/>
    <import addon="plugin.video.justanimestream"/>
     
<!--
    <import addon="plugin.video.megaboxvn"/>
    <import addon="plugin.video.movie4k"/>
    <import addon="plugin.video.nba.video"/>
    <import addon="plugin.video.newvideodevil"/>
    <import addon="plugin.video.viettube.channels"/>
    <import addon="plugin.video.viettv"/>
    <import addon="plugin.video.ororotv"/>
    <import addon="plugin.video.kodi4vn.zingtv"/>
    <import addon="plugin.video.crackler"/>
    <import addon="plugin.video.DKEvents"/>
    <import addon="plugin.video.espn_3"/>
    <import addon="plugin.video.filipinotv3"/>
    <import addon="plugin.video.filmehd.net"/>
    <import addon="plugin.video.highlights"/>
    <import addon="plugin.video.howstuffworks_com"/>
    <import addon="plugin.video.tbh.ilive"/>
    <import addon="plugin.video.malimartv"/>
    <import addon="plugin.video.moviestwentyfive"/>
    <import addon="plugin.video.movies4me"/>
    <import addon="plugin.video.movieshd"/>
    <import addon="plugin.video.MyDooTv"/>
    <import addon="plugin.video.NoobRoom"/>
    <import addon="plugin.video.pakhind"/>
    <import addon="plugin.video.plutotv"/>
    <import addon="plugin.video.popcorntv"/>
    <import addon="plugin.video.pornhub"/>
    <import addon="plugin.video.solarmovie.so"/>
    <import addon="plugin.video.sprout"/>
    <import addon="plugin.video.superreplays"/>
    <import addon="plugin.video.xmovies8"/>
    <import addon="plugin.video.youtubeonfire"/>
-->    
  </requires>
  <extension point="xbmc.python.pluginsource"
            library="htvonline.py">
        <provides>video</provides>
  </extension>
  <extension point="xbmc.addon.metadata">
    <summary>Watch liveTV</summary>
    <description>Watch liveTV</description>
    <platform>all</platform>
  </extension>
</addon>