<?xml version="1.0" encoding="UTF-8" standalone="yes"?>
<addon id="repository.4SmartTVInstall" name="4SmartTVBoxInstall's Repo" version="1.0" provider-name="4SmartTVBoxInstall">
	<extension point="xbmc.addon.repository" name="4SmartTVBoxInstall's Repo">
		<info compressed="false">https://raw.githubusercontent.com/4smarttv/RepositoryInstall/master/addons.xml</info>
		<checksum>https://raw.githubusercontent.com/4smarttv/RepositoryInstall/master/addons.xml.md5</checksum>
    <!-- -->
		<datadir zip="true">https://raw.githubusercontent.com/4smarttv/RepositoryInstall/master/</datadir>
	</extension>
	<extension point="xbmc.addon.metadata">
		<summary>Install 4SmartTVInstall Addons</summary>
		<description>4SmartTVInstall repo</description>
		<disclaimer></disclaimer>
		<platform>all</platform>
	</extension>
</addon>
