<?xml version="1.0" encoding="UTF-8" standalone="yes"?>
<addon
  id="plugin.video.4SmartHTVonline"
  version="0.0.7"
  name="[COLOR ffff0000]H[/COLOR][COLOR ff32cd32]T[/COLOR][COLOR ff0000ff]V[/COLOR][COLOR ffffffff]online[/COLOR]"
  provider-name="4SmartTVBox">
  <requires>
    <import addon="xbmc.python" version="2.1.0"/>

    <import addon="plugin.video.1channel"/>
    <import addon="plugin.video.80smusicvideos"/>
    <import addon="plugin.video.aljazeera"/>
  <!--
    <import addon="plugin.video.allinone"/>
    <import addon="plugin.video.amnhacviet"/>
    <import addon="plugin.video.anhtrang_org"/>
    <import addon="plugin.video.animego"/>
    <import addon="plugin.video.animehere"/>
    <import addon="plugin.video.AsianHorror"/>
    <import addon="plugin.video.azdrama"/>
    <import addon="plugin.video.beeg.com"/>
    <import addon="plugin.video.bharatmovies"/>
    <import addon="plugin.video.canada.on.demand-master"/>
    <import addon="plugin.video.cartoongo"/>
    <import addon="plugin.video.cartoonhd"/>
    <import addon="plugin.video.cartoonhdtwo"/>
    <import addon="plugin.video.cartoons8"/>
    <import addon="plugin.video.cartoonworld"/>
    <import addon="plugin.video.chiasenhac"/>
    <import addon="plugin.video.classiccinema"/>
    <import addon="plugin.video.colombiatv"/>
    <import addon="plugin.video.comotin"/>
    <import addon="plugin.video.concertarchive"/>
    <import addon="plugin.video.crackler"/>
    <import addon="plugin.video.disclose_tv"/>
    <import addon="plugin.video.discovery_com"/>
    <import addon="plugin.video.disneyjunior"/>
    <import addon="plugin.video.DKEvents"/>
    <import addon="plugin.video.drama24h"/>
    <import addon="plugin.video.dramago"/>
    <import addon="plugin.video.empflix"/>
    <import addon="plugin.video.esa"/>
    
    <import addon="video.espn.video"/>
    <import addon="video.extreme.com"/>
    <import addon="video.fantasticc"/>
    <import addon="video.filipinotv3"/>
    <import addon="video.filmehd.net"/>
    <import addon="video.filmon"/>
    <import addon="video.foodnetwork"/>
    <import addon="video.football.today"/>
    <import addon="video.footballreplays"/>
    <import addon="video.fox.news"/>
    <import addon="video.FPSRussia"/>
    <import addon="video.g4tv"/>
    <import addon="video.genesis"/>
    <import addon="video.highlights"/>
    <import addon="video.hotkhmer"/>
    <import addon="video.howstuffworks_com"/>
    <import addon="video.HTVonline"/>
    <import addon="video.icefilms"/>
    <import addon="video.india4movie"/>
    <import addon="video.kenh108"/>
    <import addon="video.kenh88"/>
    <import addon="video.KhmerAvenue"/>
    <import addon="video.KhmerTv"/>
    <import addon="video.KIDSIL"/>
    <import addon="video.kidsplace"/>
    <import addon="video.kissanime"/>
    <import addon="video.kisscartoon"/>
    <import addon="video.kodi4vn.donggiao"/>
    <import addon="video.kodi4vn.moviebox"/>
    <import addon="video.kodi4vn.phim14.net"/>
    <import addon="video.kodi4vn.phim60s"/>
    <import addon="video.kodi4vn.viettv24"/>
    <import addon="video.kodi4vn.xomgiaitri"/>
    <import addon="video.kodi4vn.yeuphim"/>
    <import addon="video.kodi4vn.youtube.vnnews"/>
    <import addon="video.kodi4vn.zingtv"/>
    <import addon="video.LauraVitalesKitchen"/>
    <import addon="video.learningzone"/>
    <import addon="video.letv"/>
    <import addon="video.livestream"/>
    <import addon="video.lubetube"/>
    <import addon="video.malimartv"/>
    <import addon="video.mediacorp"/>
    <import addon="video.megaboxvn"/>
    <import addon="video.metv"/>
    <import addon="video.movie4k"/>
    <import addon="video.moviedb"/>
    <import addon="video.MovieKhmer"/>
    <import addon="video.movierulz"/>
    <import addon="video.movies4me"/>
    <import addon="video.movieshd"/>
    <import addon="video.moviestorm"/>
    <import addon="video.moviestwentyfive"/>
    <import addon="video.moviHD"/>
    <import addon="video.mutttsnutz"/>
    <import addon="video.MyDooTv"/>
    <import addon="video.nakednews3"/>
    <import addon="video.nba"/>
    <import addon="video.nba.video"/>
    <import addon="video.nbaondemand"/>
    <import addon="video.newvideodevil"/>
    <import addon="video.newyoujizz"/>
    <import addon="video.nhaccuatui"/>
    <import addon="video.nhlondemand"/>
    <import addon="video.NHLVideo"/>
    <import addon="video.NoobRoom"/>
    <import addon="video.OnePotChefShow"/>
    <import addon="video.onlinemovies"/>
    <import addon="video.ororotv"/>
    <import addon="video.ourmatch_net"/>
    <import addon="video.pakhind"/>
    <import addon="video.phatam"/>
    <import addon="video.phim47"/>
    <import addon="video.PhimLT.com"/>
    <import addon="video.phimvang"/>
    <import addon="video.phstreams"/>
    <import addon="video.PhumiKhmer"/>
    <import addon="video.pinoy_ako"/>
    <import addon="video.plutotv"/>
    <import addon="video.popcorntv"/>
    <import addon="video.pornhub"/>
    <import addon="video.portico.tv"/>
    <import addon="video.pythontut"/>
    <import addon="video.rt"/>
    <import addon="video.si"/>
    <import addon="video.sohuvideo"/>
    <import addon="video.solarmovie.so"/>
    <import addon="video.sominaltv"/>
    <import addon="video.sportsbox9999"/>
    <import addon="video.SportsDevil"/>
    <import addon="video.spotitube"/>
    <import addon="video.sprout"/>
    <import addon="video.sugoideasV2"/>
    <import addon="video.supercartoons"/>
    <import addon="video.superreplays"/>
    <import addon="video.tbh.cartoonworld"/>
    <import addon="video.tbh.ilive"/>
    <import addon="video.thinktv"/>
    <import addon="video.tivi9999"/>
    <import addon="video.tmz"/>
    <import addon="video.toonjet"/>
    <import addon="video.tube8"/>
    <import addon="video.tvondesizonexl"/>
    <import addon="video.tvvn"/>
    <import addon="video.twitch"/>
    <import addon="video.UFC"/>
    <import addon="video.ukmvjb"/>
    <import addon="video.ultimateguitar"/>
    <import addon="video.vdubt"/>
    <import addon="video.veetle"/>
    <import addon="video.vevo"/>
    <import addon="video.vevo_tv"/>
    <import addon="video.vice"/>
    <import addon="video.VICTORIASSECRET"/>
    <import addon="video.video4Khmer"/>
    <import addon="video.videobash_com"/>
    <import addon="video.videodevil"/>
    <import addon="video.vidics"/>
    <import addon="video.vietmedia.movie"/>
    <import addon="video.viettube.channels"/>
    <import addon="video.viettv"/>
    <import addon="video.viki"/>
    <import addon="video.vkool"/>
    <import addon="video.world.news.live"/>
    <import addon="video.wweonline"/>
    <import addon="video.xmovies8"/>
    <import addon="video.yeuphim"/>
    <import addon="video.yifymovies.hd"/>
    <import addon="video.you.jizz"/>
    <import addon="video.youtube"/>
    <import addon="video.youtubeonfire"/>
    <import addon="video.zmovies"/>
    --> 
    
  </requires>
  <extension point="xbmc.python.pluginsource"
            library="htvonline.py">
        <provides>video</provides>
  </extension>
  <extension point="xbmc.addon.metadata">
    <summary>Watch liveTV</summary>
    <description>Watch liveTV</description>
    <platform>all</platform>
  </extension>
</addon>